category,name,finish,material,price,old_price,opt_usd,feat,image,badge,rating,reviews,warranty,mount,alibaba_url
smesitel,Deck Mounted Bathroom Sink Water Tap Brass Smart Sensor Faucet,premium,Alamă masivă,2400,3050,30.3,Deck Mounted Bathroom Sink Water Tap Brass Smart Sensor Faucet,mic-smesitel-01.webp,sale,4.7,15,3 ani,Pe blat,https://www.made-in-china.com/product/wAUYWBfxhFhl/China-Deck-Mounted-Bathroom-Sink-Water-Tap-Brass-Smart-Sensor-Faucet.html
smesitel,High Quality Smart Touch Garden Modern Digital Hot Water Bridge Automati,premium,Alamă masivă,1650,0,20.9,High Quality Smart Touch Garden Modern Digital Hot Water Bridge Automati,mic-smesitel-02.webp,hot,4.8,22,3 ani,Pe blat,https://www.made-in-china.com/product/EOAtTMIHurcn/China-High-Quality-Smart-Touch-Garden-Modern-Digital-Hot-Water-Bridge-Automatic-Wall-Round-Brass-Luxury-Bathroom-Kitchen-Faucet-Sensor-Sink-Wall-Mount-Traditional.html
smesitel,Brass Material Smart Induction Kitchen Equipment Bathroom Sink Mixer Tap,premium,Alamă masivă,4000,0,50.0,Brass Material Smart Induction Kitchen Equipment Bathroom Sink Mixer Tap,mic-smesitel-03.webp,new,4.9,29,3 ani,Pe blat,https://www.made-in-china.com/product/grORnXmHseVE/China-Brass-Material-Smart-Induction-Kitchen-Equipment-Bathroom-Sink-Mixer-Tap-Water-Saving-Technology-Sanitary-Ware-Sensor-Faucet.html
smesitel,Infrared Single Cold Water Saving Smart Brass Bathroom Induction Touchle,premium,Alamă masivă,2200,2800,27.8,Infrared Single Cold Water Saving Smart Brass Bathroom Induction Touchle,mic-smesitel-04.webp,sale,4.6,36,3 ani,Pe blat,https://www.made-in-china.com/product/JOCADedufmky/China-Infrared-Single-Cold-Water-Saving-Smart-Brass-Bathroom-Induction-Touchless-Automatic-Sensor-Water-Taps-Faucet-for-Wash-Basin.html
smesitel,High Quality Hot Selling Manufacturer Bathroom Smart Brass Faucet Automa,premium,Alamă masivă,2900,0,36.47,High Quality Hot Selling Manufacturer Bathroom Smart Brass Faucet Automa,mic-smesitel-05.webp,,4.7,43,3 ani,Pe blat,https://www.made-in-china.com/product/QARpEHZrFTVz/China-High-Quality-Hot-Selling-Manufacturer-Bathroom-Smart-Brass-Faucet-Automatic-Smart-Touch-Sensor-Faucet.html
smesitel,Bathroom Brass Touchless Smart Basin Faucet Mixer Automatic Infrared Sen,premium,Alamă masivă,2000,0,25.0,Bathroom Brass Touchless Smart Basin Faucet Mixer Automatic Infrared Sen,,,4.8,50,3 ani,Pe blat,https://www.made-in-china.com/product/MmNpJCSVgTRD/China-Bathroom-Brass-Touchless-Smart-Basin-Faucet-Mixer-Automatic-Infrared-Sensor-Water-Tap.html
smesitel,Stainless Steel Touch Sensor Smart Kitchen Faucet Single Handle Brass Bo,premium,Alamă masivă,80,100,1.0,Stainless Steel Touch Sensor Smart Kitchen Faucet Single Handle Brass Bo,mic-smesitel-07.webp,sale,4.9,57,3 ani,Pe blat,https://www.made-in-china.com/product/jtHYmbnTjahJ/China-Stainless-Steel-Touch-Sensor-Smart-Kitchen-Faucet-Single-Handle-Brass-Body-Tap-for-Home-Bathroom.html
smesitel,Automatic Touchless Bathroom Sink Faucet Smart Infrared Wave Motion Sens,premium,Alamă masivă,8400,0,105.0,Automatic Touchless Bathroom Sink Faucet Smart Infrared Wave Motion Sens,mic-smesitel-08.webp,new,4.6,14,5 ani,Pe blat,https://www.made-in-china.com/product/nEPpQsKrRLYV/China-Automatic-Touchless-Bathroom-Sink-Faucet-Smart-Infrared-Wave-Motion-Sensor-Brass-Mixer-Tap-with-Soap-Dispenser.html
smesitel,Automatic Intelligent Smart Control Basin Faucet Taps Body Full Brass Mi,premium,Alamă masivă,3550,0,44.56,Automatic Intelligent Smart Control Basin Faucet Taps Body Full Brass Mi,mic-smesitel-09.webp,,4.7,21,3 ani,Pe blat,https://www.made-in-china.com/product/stZYfVrvXRWh/China-Automatic-Intelligent-Smart-Control-Basin-Faucet-Taps-Body-Full-Brass-Mixer-Water-Bathroom-Faucet-Sensor-Water-Faucet-Sensor.html
smesitel,Brass Alloy Bathroom Accessories Automatic Infrared Sensor Cold and Hot,premium,Alamă masivă,4000,5100,50.0,Brass Alloy Bathroom Accessories Automatic Infrared Sensor Cold and Hot,mic-smesitel-10.webp,sale,4.8,28,3 ani,Pe blat,https://www.made-in-china.com/product/IYOUjQoKrbVW/China-Brass-Alloy-Bathroom-Accessories-Automatic-Infrared-Sensor-Cold-and-Hot-Water-Tap-Smart-Touchless-Sink-Faucet-Water-Tap-Sensor-Faucet.html
smesitel,Smart Automatic Sensor Bathroom Hotel Brass Infrared Inductiontouchless,premium,Alamă masivă,950,0,11.9,Smart Automatic Sensor Bathroom Hotel Brass Infrared Inductiontouchless,,,4.9,35,3 ani,Pe blat,https://www.made-in-china.com/product/ktVYzFNufopw/China-Smart-Automatic-Sensor-Bathroom-Hotel-Brass-Infrared-Inductiontouchless-Hot-Cold-Single-Cold-DC-AC-Faucet.html
smesitel,Deck Mount Automatics Chrome Brass Water Saving Hospital Smart Tap Bathr,crom,Alamă masivă,2400,0,30.0,Deck Mount Automatics Chrome Brass Water Saving Hospital Smart Tap Bathr,mic-smesitel-12.webp,,4.6,42,3 ani,Pe blat,https://www.made-in-china.com/product/JSOQDhtuhPWN/China-Deck-Mount-Automatics-Chrome-Brass-Water-Saving-Hospital-Smart-Tap-Bathroom-Measure-Temperature-Sensor-Faucet.html
smesitel,Modern Smart Sensor Brass Bathroom Sink Faucet Mixer,premium,Alamă masivă,2000,2550,25.3,Modern Smart Sensor Brass Bathroom Sink Faucet Mixer,mic-smesitel-13.webp,sale,4.7,49,3 ani,Pe blat,https://www.made-in-china.com/product/VtjUikXukNWd/China-Modern-Smart-Sensor-Brass-Bathroom-Sink-Faucet-Mixer.html
smesitel,Smart Modern Bathroom Chrome Sensor Water Tap Brass Basin Faucet,crom,Alamă masivă,2250,0,28.3,Smart Modern Bathroom Chrome Sensor Water Tap Brass Basin Faucet,mic-smesitel-14.webp,,4.8,56,3 ani,Pe blat,https://www.made-in-china.com/product/FRdpksuXLWVJ/China-Smart-Modern-Bathroom-Chrome-Sensor-Water-Tap-Brass-Basin-Faucet.html
smesitel,Brass Basin Faucet Senor Smart Tap Mixer Bathroom Faucet Digital Display,premium,Alamă masivă,3200,0,40.0,Brass Basin Faucet Senor Smart Tap Mixer Bathroom Faucet Digital Display,mic-smesitel-15.webp,,4.9,13,3 ani,Pe blat,https://www.made-in-china.com/product/bQWUwhOPrBku/China-Brass-Basin-Faucet-Senor-Smart-Tap-Mixer-Bathroom-Faucet-Digital-Display.html
smesitel,Bathroom Smart Induction Brass Faucet Inductive Sensor Top Infrared Sens,premium,Alamă masivă,1750,2250,22.0,Bathroom Smart Induction Brass Faucet Inductive Sensor Top Infrared Sens,mic-smesitel-16.webp,sale,4.6,20,3 ani,Pe blat,https://www.made-in-china.com/product/eEIrSgHMqnUR/China-Bathroom-Smart-Induction-Brass-Faucet-Inductive-Sensor-Top-Infrared-Sensor-Faucet.html
smesitel,Sense Smart Water Tap Basin Bathroom Sensor Water Tap Touchless Automati,premium,Alamă masivă,950,0,11.9,Sense Smart Water Tap Basin Bathroom Sensor Water Tap Touchless Automati,mic-smesitel-17.webp,,4.7,27,3 ani,Pe blat,https://www.made-in-china.com/product/KfArkyFEgopY/China-Sense-Smart-Water-Tap-Basin-Bathroom-Sensor-Water-Tap-Touchless-Automatic-Faucets-Cheap-Smart-Brass-Faucet.html
unitaz,Auto Sensor Flush One Piece Intelligent Wc Bidet Commode Toilet Bowl Aut,premium,Porțelan sanitar,20800,26600,260.0,Auto Sensor Flush One Piece Intelligent Wc Bidet Commode Toilet Bowl Aut,,sale,4.7,15,5 ani,Pe pardoseală,https://www.made-in-china.com/product/ardpwTAEqxcb/China-Auto-Sensor-Flush-One-Piece-Intelligent-Wc-Bidet-Commode-Toilet-Bowl-Automatic-Operation-Smart-Toilet-with-Remote-Control.html
unitaz,Smart Toilet Bidet Seat Intelligent Washer Hot and Cold Water Bidet Dual,premium,Porțelan sanitar,600,0,7.5,Smart Toilet Bidet Seat Intelligent Washer Hot and Cold Water Bidet Dual,,hot,4.8,22,3 ani,Pe pardoseală,https://www.made-in-china.com/product/gEZYXenKXlrS/China-Smart-Toilet-Bidet-Seat-Intelligent-Washer-Hot-and-Cold-Water-Bidet-Dual-Nozzles-Wash-and-Women-Wash-Selfcleaning-Wc-Bidet.html
unitaz,Multifunction Smart Cover with Dual Nozzles (Bidet & Feminine Wash) and,premium,Porțelan sanitar,2250,0,28.0,Multifunction Smart Cover with Dual Nozzles (Bidet & Feminine Wash) and,mic-unitaz-03.webp,new,4.9,29,3 ani,Pe pardoseală,https://www.made-in-china.com/product/rRPUaTHEjzcV/China-Multifunction-Smart-Cover-with-Dual-Nozzles-Bidet-Feminine-Wash-and-Air-Dryer.html
unitaz,Smart Toilet with Matte Black Bidet,negru mat,Porțelan sanitar,23900,30600,299.0,Smart Toilet with Matte Black Bidet,mic-unitaz-04.webp,sale,4.6,36,5 ani,Pe pardoseală,https://www.made-in-china.com/product/qTRYrMsCXvhJ/China-Smart-Toilet-with-Matte-Black-Bidet.html
unitaz,Simple Slim Bidet Elongated PP Smart Bidet Toilet Seat Non Electric,premium,Porțelan sanitar,1200,0,15.0,Simple Slim Bidet Elongated PP Smart Bidet Toilet Seat Non Electric,,,4.7,43,3 ani,Pe pardoseală,https://www.made-in-china.com/product/wEBUVLRAgcWH/China-Simple-Slim-Bidet-Elongated-PP-Smart-Bidet-Toilet-Seat-Non-Electric.html
unitaz,Smart Manual Bidet Self Cleaning Hygienic Bidet for Wc Toilet Slim Seat,premium,Porțelan sanitar,1600,0,20.0,Smart Manual Bidet Self Cleaning Hygienic Bidet for Wc Toilet Slim Seat,mic-unitaz-06.webp,,4.8,50,3 ani,Pe pardoseală,https://www.made-in-china.com/product/dUOriANKwyWq/China-Smart-Manual-Bidet-Self-Cleaning-Hygienic-Bidet-for-Wc-Toilet-Slim-Seat-Cover.html
unitaz,Non Electric Female Washing Smart Bidet Toilet Seat with Self Cleaning D,premium,Porțelan sanitar,1200,1550,15.0,Non Electric Female Washing Smart Bidet Toilet Seat with Self Cleaning D,mic-unitaz-07.webp,sale,4.9,57,3 ani,Pe pardoseală,https://www.made-in-china.com/product/kduGSVEUJLtl/China-Non-Electric-Female-Washing-Smart-Bidet-Toilet-Seat-with-Self-Cleaning-Dual-Nozzle-System.html
unitaz,Intelligent Toilet Bidet Slow Closing Function,premium,Porțelan sanitar,8000,0,100.0,Intelligent Toilet Bidet Slow Closing Function,mic-unitaz-08.webp,new,4.6,14,5 ani,Pe pardoseală,https://www.made-in-china.com/product/ZXtQHwLPguYU/China-Intelligent-Toilet-Bidet-Slow-Closing-Function.html
unitaz,Toilet Bidet with Smart Functions,premium,Porțelan sanitar,8000,0,100.0,Toilet Bidet with Smart Functions,mic-unitaz-09.webp,,4.7,21,5 ani,Pe pardoseală,https://www.made-in-china.com/product/mvAQipgJWPUL/China-Toilet-Bidet-with-Smart-Functions.html
unitaz,Smart Bidet with Toilet Slow Down,premium,Porțelan sanitar,8000,10250,100.0,Smart Bidet with Toilet Slow Down,mic-unitaz-10.webp,sale,4.8,28,5 ani,Pe pardoseală,https://www.made-in-china.com/product/UKGnDVuxmzrL/China-Smart-Bidet-with-Toilet-Slow-Down.html
unitaz,Factory Direct Sale Multi Functions Smart Bidets with Remote Control,premium,Porțelan sanitar,5200,0,65.0,Factory Direct Sale Multi Functions Smart Bidets with Remote Control,mic-unitaz-11.webp,,4.9,35,3 ani,Pe pardoseală,https://www.made-in-china.com/product/yUIYEoMvnkhc/China-China-Factory-Direct-Sale-Multi-Functions-Smart-Bidets-with-Remote-Control.html
unitaz,Directly Factory Xiamen Smart Toilet Bidet,premium,Porțelan sanitar,8000,0,100.0,Directly Factory Xiamen Smart Toilet Bidet,,,4.6,42,5 ani,Pe pardoseală,https://www.made-in-china.com/product/GKfxDkPFsgRz/China-Directly-Factory-Xiamen-Smart-Toilet-Bidet.html
unitaz,Xiamen Factory Smart Toilet Bidet,premium,Porțelan sanitar,8000,10250,100.0,Xiamen Factory Smart Toilet Bidet,mic-unitaz-13.webp,sale,4.7,49,5 ani,Pe pardoseală,https://www.made-in-china.com/product/fSTJHluOvzYg/China-Xiamen-Factory-Smart-Toilet-Bidet.html
unitaz,Heating Toilet Seat Cover with Multi Functions Smart Bidet for Bathroom,premium,Porțelan sanitar,5200,0,65.0,Heating Toilet Seat Cover with Multi Functions Smart Bidet for Bathroom,mic-unitaz-14.webp,,4.8,56,3 ani,Pe pardoseală,https://www.made-in-china.com/product/BrSUkpjVnchY/China-Heating-Toilet-Seat-Cover-with-Multi-Functions-Smart-Bidet-for-Bathroom-Application.html
unitaz,Remote Control Smart Bidets with Multi Function Heating Toilet Seat Lid,premium,Porțelan sanitar,7600,0,95.0,Remote Control Smart Bidets with Multi Function Heating Toilet Seat Lid,mic-unitaz-15.webp,,4.9,13,5 ani,Pe pardoseală,https://www.made-in-china.com/product/zUkRjgFlEHhK/China-Remote-Control-Smart-Bidets-with-Multi-Function-Heating-Toilet-Seat-Lid.html
unitaz,Modern Multifunction Bathroom Automatic Toilet Auto Sensor Flushing Inte,premium,Porțelan sanitar,4100,5250,51.13,Modern Multifunction Bathroom Automatic Toilet Auto Sensor Flushing Inte,mic-unitaz-16.webp,sale,4.6,20,3 ani,Pe pardoseală,https://www.made-in-china.com/product/MYuRFWJdCrkc/China-Modern-Multifunction-Bathroom-Automatic-Toilet-Auto-Sensor-Flushing-Intelligent-Smart-Toilet-Bidet.html
unitaz,Intelligent Bidet Toilet Seat Water Mark Smart Toilet for Austrialia,premium,Porțelan sanitar,17600,0,220.0,Intelligent Bidet Toilet Seat Water Mark Smart Toilet for Austrialia,mic-unitaz-17.webp,,4.7,27,5 ani,Pe pardoseală,https://www.made-in-china.com/product/epwRYdzrZDkW/China-Intelligent-Bidet-Toilet-Seat-Water-Mark-Smart-Toilet-for-Austrialia.html
rakovina,Modern Grey Bathroom Marble Washbasin Acrylic Solid Surface Stone Vanity,premium,Piatră naturală,6250,8000,78.0,Modern Grey Bathroom Marble Washbasin Acrylic Solid Surface Stone Vanity,mic-rakovina-01.webp,sale,4.7,15,3 ani,Pe blat,https://www.made-in-china.com/product/eSqmpjdxbrVf/China-Modern-Grey-Bathroom-Marble-Washbasin-Acrylic-Solid-Surface-Stone-Vanity-Wall-Hung-Slope-Basin-Sink.html
rakovina,Polished White Marble Stone Sink Beige Marble Basins Round Wash Sink Var,alb,Piatră naturală,2400,0,30.0,Polished White Marble Stone Sink Beige Marble Basins Round Wash Sink Var,mic-rakovina-02.webp,hot,4.8,22,3 ani,Pe blat,https://www.made-in-china.com/product/GCfJEXPuORhw/China-Polished-White-Marble-Stone-Sink-Beige-Marble-Basins-Round-Wash-Sink-Various-Marble-Color-Bathroom-Basin-Sinks-for-Hotel-and-Bathroom.html
rakovina,Monet Garden Marble Sink Fluted Marble Stone Sink Natural Stone Washbasi,premium,Piatră naturală,12650,0,158.0,Monet Garden Marble Sink Fluted Marble Stone Sink Natural Stone Washbasi,mic-rakovina-03.webp,new,4.9,29,5 ani,Pe blat,https://www.made-in-china.com/product/qdUaBkrXZFtE/China-Monet-Garden-Marble-Sink-Fluted-Marble-Stone-Sink-Natural-Stone-Washbasin-Small-Marble-Bathroom-Vanity-Sink-with-Floated-Sink.html
rakovina,Natural Stone Luxury Bathroom Marble Wash Basin Vanity Sink,premium,Piatră naturală,71900,92050,899.0,Natural Stone Luxury Bathroom Marble Wash Basin Vanity Sink,mic-rakovina-04.webp,sale,4.6,36,5 ani,Pe blat,https://www.made-in-china.com/product/uANpTIcdbXkt/China-Wholesale-Natural-Stone-Luxury-Bathroom-Marble-Wash-Basin-Vanity-Sink.html
rakovina,Design Marble Grey Wall Hung Wash Basin Stone Bathroom Sink,premium,Piatră naturală,3600,0,45.0,Design Marble Grey Wall Hung Wash Basin Stone Bathroom Sink,mic-rakovina-05.webp,,4.7,43,3 ani,Pe blat,https://www.made-in-china.com/product/GKcmLprlqqRI/China-New-Design-Marble-Grey-Wall-Hung-Wash-Basin-Stone-Bathroom-Sink.html
rakovina,Natural Stone Sink Basin Marble Wash Basin for Bathroom Wash Sink,premium,Piatră naturală,2400,0,30.0,Natural Stone Sink Basin Marble Wash Basin for Bathroom Wash Sink,mic-rakovina-06.webp,,4.8,50,3 ani,Pe blat,https://www.made-in-china.com/product/JYpUKGzcObke/China-Natural-Stone-Sink-Basin-Marble-Wash-Basin-for-Bathroom-Wash-Sink.html
rakovina,Customized Marble Wash Basin Bathroom Stone Sink,premium,Piatră naturală,6200,7950,77.2,Customized Marble Wash Basin Bathroom Stone Sink,mic-rakovina-07.webp,sale,4.9,57,3 ani,Pe blat,https://www.made-in-china.com/product/gEGpBdvPfwhK/China-Factory-Customized-Marble-Wash-Basin-Bathroom-Stone-Sink.html
rakovina,Natural White /Black Marble Pedestal Solid Wash Basin Stone Bathroom Sin,negru mat,Piatră naturală,4000,0,50.0,Natural White /Black Marble Pedestal Solid Wash Basin Stone Bathroom Sin,mic-rakovina-08.webp,new,4.6,14,3 ani,Pe blat,https://www.made-in-china.com/product/FSOQscZJyury/China-Natural-White-Black-Marble-Pedestal-Solid-Wash-Basin-Stone-Bathroom-Sinks-for-Wholesale.html
rakovina,Newstar Red Travertine Stone Wash Basin Modern Natural Marble Sink Basin,premium,Piatră naturală,39900,0,499.0,Newstar Red Travertine Stone Wash Basin Modern Natural Marble Sink Basin,mic-rakovina-09.webp,,4.7,21,5 ani,Pe blat,https://www.made-in-china.com/product/XGYUiBluHrhK/China-Newstar-Red-Travertine-Stone-Wash-Basin-Modern-Natural-Marble-Sink-Basin-Rectangular-Wall-Mount-Bathroom-Vanity-Marble-Sink.html
rakovina,Seamless Bathroom Vanity Stone Sintered Washbasin Sanitary Ware Marble S,premium,Piatră naturală,950,1200,11.9,Seamless Bathroom Vanity Stone Sintered Washbasin Sanitary Ware Marble S,mic-rakovina-10.webp,sale,4.8,28,3 ani,Pe blat,https://www.made-in-china.com/product/JFOGmriHODTk/China-Seamless-Bathroom-Vanity-Stone-Sintered-Washbasin-Sanitary-Ware-Marble-Sink-Wholesale.html
rakovina,Natural Stone polished Italy Arabescato white marble round/rectangular W,alb,Piatră naturală,2400,0,30.0,Natural Stone polished Italy Arabescato white marble round/rectangular W,mic-rakovina-11.webp,,4.9,35,3 ani,Pe blat,https://www.made-in-china.com/product/dQPYIwtJuURA/China-Natural-Stone-polished-Italy-Arabescato-white-marble-round-rectangular-Washbasin-Sinks-for-Bathroom-vanity-table.html
rakovina,Natural Beige Stone Washbasin Sink Wall Mounted Floating Marble Hand Was,premium,Piatră naturală,16000,0,199.99,Natural Beige Stone Washbasin Sink Wall Mounted Floating Marble Hand Was,mic-rakovina-12.webp,,4.6,42,5 ani,Pe blat,https://www.made-in-china.com/product/wGWRaElVOBkQ/China-Natural-Beige-Stone-Washbasin-Sink-Wall-Mounted-Floating-Marble-Hand-Wash-Basin-Travertine-Vanity-Double-Sinks.html
rakovina,Modern Wall Mounted Sintered Stone Marble Top Vanity Polished Single Hol,premium,Piatră naturală,1500,1900,19.0,Modern Wall Mounted Sintered Stone Marble Top Vanity Polished Single Hol,mic-rakovina-13.webp,sale,4.7,49,3 ani,Pe blat,https://www.made-in-china.com/product/GxYphCfAqZUV/China-Modern-Wall-Mounted-Sintered-Stone-Marble-Top-Vanity-Polished-Single-Hole-Faucet-Mount-Wash-Basin-Sink-for-Bathroom.html
rakovina,Stronger Than Time CNC Carving Artificial Stone White Marble Bathroom Ch,alb,Piatră naturală,55400,0,692.31,Stronger Than Time CNC Carving Artificial Stone White Marble Bathroom Ch,mic-rakovina-14.webp,,4.8,56,5 ani,Pe blat,https://www.made-in-china.com/product/ROCtiDFySNYH/China-Stronger-Than-Time-CNC-Carving-Artificial-Stone-White-Marble-Bathroom-Children-Wash-Basin-Sink.html
rakovina,Popular Design Sanitaryware Marble Washbasin Rectangular Thin Edged Vani,premium,Piatră naturală,4400,0,55.0,Popular Design Sanitaryware Marble Washbasin Rectangular Thin Edged Vani,,,4.9,13,3 ani,Pe blat,https://www.made-in-china.com/product/JQwUNdPAbOWx/China-Popular-Design-Sanitaryware-Marble-Washbasin-Rectangular-Thin-Edged-Vanity-Bathroom-Wash-Basin-Economic-Sink-Discount-Black-Marble-Stone-Sink.html
rakovina,Sink Kitchen Thickened Stainless Steel Marble Texture Sink Vegetable Sin,premium,Piatră naturală,2000,2550,25.0,Sink Kitchen Thickened Stainless Steel Marble Texture Sink Vegetable Sin,mic-rakovina-16.webp,sale,4.6,20,3 ani,Pe blat,https://www.made-in-china.com/product/LYQRzKTjafWw/China-Customized-Sink-Kitchen-Thickened-Stainless-Steel-Marble-Texture-Sink-Vegetable-Sink-Quartz-Stone-Wash-Basin-for-Kitchen.html
rakovina,Bathroom White Marble Stone Wash Basin Sink,alb,Piatră naturală,20000,0,250.0,Bathroom White Marble Stone Wash Basin Sink,mic-rakovina-17.webp,,4.7,27,5 ani,Pe blat,https://www.made-in-china.com/product/DwHGaWQcHkVh/China-Bathroom-White-Marble-Stone-Wash-Basin-Sink.html
polotenec,Large Vertical Matt Black Grey Brushed Gold Stainless Steel Column Radia,auriu,Oțel inoxidabil,3900,5000,49.0,Large Vertical Matt Black Grey Brushed Gold Stainless Steel Column Radia,mic-polotenec-01.webp,sale,4.7,15,3 ani,Pe perete,https://www.made-in-china.com/product/jACrnuRJHvcs/China-Large-Vertical-Matt-Black-Grey-Brushed-Gold-Stainless-Steel-Column-Radiator-Bathroom-Chrome-Dual-Water-Electric-Radiator-Heated-Towel-Warmer-Rail-for-Bathroom.html
polotenec,High Quality Heated Towel Rail 304 Stainless Steel Electric Towel Rack W,premium,Oțel inoxidabil,4700,0,59.0,High Quality Heated Towel Rail 304 Stainless Steel Electric Towel Rack W,mic-polotenec-02.webp,hot,4.8,22,3 ani,Pe perete,https://www.made-in-china.com/product/ifQRcSDrhZVq/China-High-Quality-Heated-Towel-Rail-304-Stainless-Steel-Electric-Towel-Rack-Water-Heated-Towel-Radiators-Hydronic.html
polotenec,Bathroom Wall Mounted Towel Dryer Rack Black Stainless Steel Towel Radia,negru mat,Oțel inoxidabil,2800,0,35.0,Bathroom Wall Mounted Towel Dryer Rack Black Stainless Steel Towel Radia,mic-polotenec-03.webp,new,4.9,29,3 ani,Pe perete,https://www.made-in-china.com/product/mOGERiJUuIVe/China-Bathroom-Wall-Mounted-Towel-Dryer-Rack-Black-Stainless-Steel-Towel-Radiator-Electric-Heated-Towel-Rail.html
polotenec,Hotel Supermarket School Station Wall Mounted 304 Stainless Steel Round,premium,Oțel inoxidabil,2250,2900,28.0,Hotel Supermarket School Station Wall Mounted 304 Stainless Steel Round,mic-polotenec-04.webp,sale,4.6,36,3 ani,Pe perete,https://www.made-in-china.com/product/yUHpolaTJQcX/China-Hotel-Supermarket-School-Station-Wall-Mounted-304-Stainless-Steel-Round-Tube-Double-Heated-Towel-Rail-Electric-Towel-Warmer.html
polotenec,"Odo Matte White Electric Towel Warmer Nordic Style, SUS304 Stainless Ste",negru mat,Oțel inoxidabil,4700,0,58.53,"Odo Matte White Electric Towel Warmer Nordic Style, SUS304 Stainless Ste",mic-polotenec-05.webp,,4.7,43,3 ani,Pe perete,https://www.made-in-china.com/product/gOjfuzBMASTL/China-Odo-Matte-White-Electric-Towel-Warmer-Nordic-Style-SUS304-Stainless-Steel-Heated-Towel-Ladder-Rail-for-Boutique-Hotel-Apartment-Project.html
polotenec,Electric Towel Rack Stainless Steel Black/White/Grey Bathroom Heated Tow,negru mat,Oțel inoxidabil,2900,0,36.0,Electric Towel Rack Stainless Steel Black/White/Grey Bathroom Heated Tow,mic-polotenec-06.webp,,4.8,50,3 ani,Pe perete,https://www.made-in-china.com/product/CtIpNaZVHLRG/China-New-Electric-Towel-Rack-Stainless-Steel-Black-White-Grey-Bathroom-Heated-Towel-Rail.html
polotenec,Wholesale Stainless Steel Bathroom Electric Heated Sterilization Towel R,premium,Oțel inoxidabil,3750,4800,46.9,Wholesale Stainless Steel Bathroom Electric Heated Sterilization Towel R,mic-polotenec-07.webp,sale,4.9,57,3 ani,Pe perete,https://www.made-in-china.com/product/jFsAoUlEggfT/China-China-Wholesale-Stainless-Steel-Bathroom-Electric-Heated-Sterilization-Towel-Rack-Rail.html
polotenec,"Odo Matte Black Swivel Electric Heated Towel Rail Us19 Anti Fingerprint,",negru mat,Oțel inoxidabil,3800,0,47.79,"Odo Matte Black Swivel Electric Heated Towel Rail Us19 Anti Fingerprint,",,new,4.6,14,3 ani,Pe perete,https://www.made-in-china.com/product/DRSUImjCbzcP/China-Odo-Matte-Black-Swivel-Electric-Heated-Towel-Rail-Us19-Anti-Fingerprint-180-Rotating-SUS304-Stainless-Steel-Towel-Warmer-for-Modern-Bathroom.html
polotenec,"Odo Matte White Electric Heated Towel Rail with Timer, CE Certified 2 Ba",negru mat,Oțel inoxidabil,26250,0,328.04,"Odo Matte White Electric Heated Towel Rail with Timer, CE Certified 2 Ba",mic-polotenec-09.webp,,4.7,21,5 ani,Pe perete,https://www.made-in-china.com/product/MONfSvXVyBTR/China-Odo-Matte-White-Electric-Heated-Towel-Rail-with-Timer-CE-Certified-2-Bar-Minimalist-SUS304-Stainless-Steel-Towel-Warmer-for-Nordic-Apartment-Project.html
polotenec,Odo 180° Swivel Electric Heated Towel Rail Us32 Mirror Polished Stainles,premium,Oțel inoxidabil,3450,4400,43.38,Odo 180° Swivel Electric Heated Towel Rail Us32 Mirror Polished Stainles,mic-polotenec-10.webp,sale,4.8,28,3 ani,Pe perete,https://www.made-in-china.com/product/KUBYIbyWEzkg/China-Odo-180-Swivel-Electric-Heated-Towel-Rail-Us32-Mirror-Polished-Stainless-Steel-IP55-Waterproof-Space-Saving-Towel-Warmer-Rack-for-Hotel-Project.html
polotenec,Stainless Steel Towel Warmer Electric Heated Towel Rail for Bathroom,premium,Oțel inoxidabil,3600,0,45.0,Stainless Steel Towel Warmer Electric Heated Towel Rail for Bathroom,mic-polotenec-11.webp,,4.9,35,3 ani,Pe perete,https://www.made-in-china.com/product/jZMGgibPCUha/China-Stainless-Steel-Towel-Warmer-Electric-Heated-Towel-Rail-for-Bathroom.html
polotenec,Smart 304 Stainless Steel Vertical Electric Heated Towel Rail,premium,Oțel inoxidabil,9450,0,118.35,Smart 304 Stainless Steel Vertical Electric Heated Towel Rail,mic-polotenec-12.webp,,4.6,42,5 ani,Pe perete,https://www.made-in-china.com/product/hdeEaoHDXTWq/China-Smart-304-Stainless-Steel-Vertical-Electric-Heated-Towel-Rail.html
polotenec,Bathroom Matt Black Stainless Steel Towel Warmer Electric Heated Towel R,negru mat,Oțel inoxidabil,10800,13800,135.0,Bathroom Matt Black Stainless Steel Towel Warmer Electric Heated Towel R,mic-polotenec-13.webp,sale,4.7,49,5 ani,Pe perete,https://www.made-in-china.com/product/ywntEhLxYeWk/China-Bathroom-Matt-Black-Stainless-Steel-Towel-Warmer-Electric-Heated-Towel-Rail.html
polotenec,Bathroom Heating Radiator Electric Heated Towel Rail Stainless Steel,premium,Oțel inoxidabil,10800,0,135.0,Bathroom Heating Radiator Electric Heated Towel Rail Stainless Steel,,,4.8,56,5 ani,Pe perete,https://www.made-in-china.com/product/EwFAqgcPnTWC/China-Bathroom-Heating-Radiator-Electric-Heated-Towel-Rail-Stainless-Steel.html
polotenec,Bathroom Accessories Multi Rails Stainless Steel Electric Heated Towel R,premium,Oțel inoxidabil,2250,0,28.3,Bathroom Accessories Multi Rails Stainless Steel Electric Heated Towel R,mic-polotenec-15.webp,,4.9,13,3 ani,Pe perete,https://www.made-in-china.com/product/YtFUgSdoELrN/China-Hot-Sale-Bathroom-Accessories-Multi-Rails-Stainless-Steel-Electric-Heated-Towel-Rail.html
polotenec,Professional Supplier Classic Large Heated Stainless Steel Electric Towe,premium,Oțel inoxidabil,4550,5800,57.0,Professional Supplier Classic Large Heated Stainless Steel Electric Towe,mic-polotenec-16.webp,sale,4.6,20,3 ani,Pe perete,https://www.made-in-china.com/product/PRSpGcYUuJhl/China-Professional-Supplier-Classic-Large-Heated-Stainless-Steel-Electric-Towel-Rail.html
polotenec,Designer Black Narrow Tranquility 304 Stainless Steel Energy Saving Free,negru mat,Oțel inoxidabil,3900,0,49.0,Designer Black Narrow Tranquility 304 Stainless Steel Energy Saving Free,mic-polotenec-17.webp,,4.7,27,3 ani,Pe perete,https://www.made-in-china.com/product/GtypeOACkXWF/China-Designer-Black-Narrow-Tranquility-304-Stainless-Steel-Energy-Saving-Free-Standing-Bathroom-Radiator-Electric-Brass-Heated-Towel-Rail-with-Thermostat.html
dush,Upc Bathroom Shower Faucet Wall Mounted Rain Shower System with Storage,premium,Alamă & inox,17300,22150,215.99,Upc Bathroom Shower Faucet Wall Mounted Rain Shower System with Storage,mic-dush-01.webp,sale,4.7,15,5 ani,Pe perete,https://www.made-in-china.com/product/WmLRZbDubGkC/China-Upc-Bathroom-Shower-Faucet-Wall-Mounted-Rain-Shower-System-with-Storage-Rack-Black-3-Functions-Control-Panel-Thermostatic-Concealed-Shower-Head-Shower-Set.html
dush,Luxury Brushed Gold Rainfall Concealed Shower System 12 Inch Wall Mount,auriu,Alamă & inox,15100,0,189.0,Luxury Brushed Gold Rainfall Concealed Shower System 12 Inch Wall Mount,mic-dush-02.webp,hot,4.8,22,5 ani,Pe perete,https://www.made-in-china.com/product/owqAuJYUbOcz/China-Luxury-Brushed-Gold-Rainfall-Concealed-Shower-System-12-Inch-Wall-Mount-Round-Rain-Faucet-Set-with-Handheld-Spray-and-Jets-Combo-Thermostatic-Brass-Valve.html
dush,Sanipro Brass Main Body Black Temperature Control Bath Bar Rain Shower M,negru mat,Alamă & inox,3200,0,39.99,Sanipro Brass Main Body Black Temperature Control Bath Bar Rain Shower M,mic-dush-03.webp,new,4.9,29,3 ani,Pe perete,https://www.made-in-china.com/product/AQtRHVqTaZhX/China-Sanipro-Brass-Main-Body-Black-Temperature-Control-Bath-Bar-Rain-Shower-Mixer-System-Kit-Thermostatic-Shower-Set.html
dush,Factory Wall Mounted Rain Shower Head System with Thermostatic Mixer Val,premium,Alamă & inox,15450,19800,193.0,Factory Wall Mounted Rain Shower Head System with Thermostatic Mixer Val,,sale,4.6,36,5 ani,Pe perete,https://www.made-in-china.com/product/bxRYoQsSapUM/China-China-Factory-Wall-Mounted-Rain-Shower-Head-System-with-Thermostatic-Mixer-Valve-and-Handheld-Shower-Combo-Set.html
dush,Chrome Rain Shower Column System Panel Thermostatic Bathroom Shower Set,crom,Alamă & inox,5350,0,66.8,Chrome Rain Shower Column System Panel Thermostatic Bathroom Shower Set,mic-dush-05.webp,,4.7,43,3 ani,Pe perete,https://www.made-in-china.com/product/vdqAPVaEsnWT/China-Chrome-Rain-Shower-Column-System-Panel-Thermostatic-Bathroom-Shower-Set.html
dush,Hlk Thermostatic Shower System Ceiling Rain Shower Head 4 Modes Handheld,premium,Alamă & inox,12800,0,159.99,Hlk Thermostatic Shower System Ceiling Rain Shower Head 4 Modes Handheld,mic-dush-06.webp,,4.8,50,5 ani,Pe perete,https://www.made-in-china.com/product/KRDpVmNuHekU/China-Hlk-Thermostatic-Shower-System-Ceiling-Rain-Shower-Head-4-Modes-Handheld-Shower-Set.html
dush,Concealed Brass Gun Metal Rain System Bathroom Shower Set with Thermosta,gun metal,Alamă & inox,6800,8700,85.0,Concealed Brass Gun Metal Rain System Bathroom Shower Set with Thermosta,mic-dush-07.webp,sale,4.9,57,5 ani,Pe perete,https://www.made-in-china.com/product/eGlriXUDHuVb/China-Concealed-Brass-Gun-Metal-Rain-System-Bathroom-Shower-Set-with-Thermostatic-Control.html
dush,Ceiling Mount Thermostatic Shower System Concealed Rain Shower Mixer Set,premium,Alamă & inox,7650,0,95.49,Ceiling Mount Thermostatic Shower System Concealed Rain Shower Mixer Set,mic-dush-08.webp,new,4.6,14,5 ani,Pe perete,https://www.made-in-china.com/product/rTfRhYSKVaWU/China-Ceiling-Mount-Thermostatic-Shower-System-Concealed-Rain-Shower-Mixer-Set.html
dush,Full Body Shower System with 12 Inch Wall Mount Rain Shower Head and Han,premium,Alamă & inox,19100,0,239.0,Full Body Shower System with 12 Inch Wall Mount Rain Shower Head and Han,mic-dush-09.webp,,4.7,21,5 ani,Pe perete,https://www.made-in-china.com/product/YZVATFxOfwWg/China-Full-Body-Shower-System-with-12-Inch-Wall-Mount-Rain-Shower-Head-and-Hand-Held-Spray-Thermostatic-Shower-Set-Combo-Can-Use-All-Faucet-at-The-Same-Time.html
dush,Hlk Rain Thermostatic Shower Faucet Set Wall Mounted Waterfall Handheld,premium,Alamă & inox,7250,9300,90.5,Hlk Rain Thermostatic Shower Faucet Set Wall Mounted Waterfall Handheld,mic-dush-10.webp,sale,4.8,28,5 ani,Pe perete,https://www.made-in-china.com/product/DYhRpToPgkWC/China-Hlk-Rain-Thermostatic-Shower-Faucet-Set-Wall-Mounted-Waterfall-Handheld-Spray-Shower-System.html
dush,"Aquacubic Thermostatic Shower System, 8 Inch Rain Shower Faucet Sets wit",premium,Alamă & inox,6250,0,78.0,"Aquacubic Thermostatic Shower System, 8 Inch Rain Shower Faucet Sets wit",mic-dush-11.webp,,4.9,35,3 ani,Pe perete,https://www.made-in-china.com/product/GxhricXYYqUs/China-Aquacubic-Thermostatic-Shower-System-8-Inch-Rain-Shower-Faucet-Sets-with-Adjustable-Slide-Bar.html
dush,Brass Bathroom Chrome Smart Digital Thermostatic Rain Slide Bar Shower S,crom,Alamă & inox,6800,0,85.0,Brass Bathroom Chrome Smart Digital Thermostatic Rain Slide Bar Shower S,mic-dush-12.webp,,4.6,42,5 ani,Pe perete,https://www.made-in-china.com/product/DKSmfteTagko/China-Brass-Bathroom-Chrome-Smart-Digital-Thermostatic-Rain-Slide-Bar-Shower-System-Set.html
dush,Modern Bathroom Wall Mounted Gold Rain Shower Column System Exposed Smar,auriu,Alamă & inox,4050,5200,50.4,Modern Bathroom Wall Mounted Gold Rain Shower Column System Exposed Smar,mic-dush-13.webp,sale,4.7,49,3 ani,Pe perete,https://www.made-in-china.com/product/dZqGryMUbftT/China-Modern-Bathroom-Wall-Mounted-Gold-Rain-Shower-Column-System-Exposed-Smart-Black-Thermostatic-Mixer-Tap-Bath-Shower-Faucet-Set.html
dush,Full Body Shower System with 12 Inch Ceiling Rain Shower Head and Hand H,premium,Alamă & inox,19100,0,239.0,Full Body Shower System with 12 Inch Ceiling Rain Shower Head and Hand H,mic-dush-14.webp,,4.8,56,5 ani,Pe perete,https://www.made-in-china.com/product/AFWtzXJECdcj/China-Full-Body-Shower-System-with-12-Inch-Ceiling-Rain-Shower-Head-and-Hand-Held-Spray-Thermostatic-Shower-Set-Combo-Can-Use-All-Faucet-at-The-Same-Time.html
dush,"12 Inch Rain Shower Jet System Oil Rubbed, Thermostatic Brass Shower Fau",premium,Alamă & inox,19100,0,239.0,"12 Inch Rain Shower Jet System Oil Rubbed, Thermostatic Brass Shower Fau",mic-dush-15.webp,,4.9,13,5 ani,Pe perete,https://www.made-in-china.com/product/SZjAriHPldkI/China-12-Inch-Rain-Shower-Jet-System-Oil-Rubbed-Thermostatic-Brass-Shower-Faucet-Complete-Set-with-Body-Sprays.html
dush,European Style Thermostatic Rain Shower Faucet System Set,premium,Alamă & inox,5250,6700,65.81,European Style Thermostatic Rain Shower Faucet System Set,mic-dush-16.webp,sale,4.6,20,3 ani,Pe perete,https://www.made-in-china.com/product/yYuRhxPTVQWq/China-European-Style-Thermostatic-Rain-Shower-Faucet-System-Set.html
dush,Brushed Gold Rain Shower System 12 Inch Ceiling Round Rainfall Faucet Se,auriu,Alamă & inox,4000,0,50.0,Brushed Gold Rain Shower System 12 Inch Ceiling Round Rainfall Faucet Se,mic-dush-17.webp,,4.7,27,3 ani,Pe perete,https://www.made-in-china.com/product/rOoAfyzPCdct/China-Brushed-Gold-Rain-Shower-System-12-Inch-Ceiling-Round-Rainfall-Faucet-Set-with-Handheld-and-Body-Spray-Jets-Thermostatic-Brass-Valve-Can-Use-All-Shower-Head.html
kuhnya,Outdoor Simple Multifunctional Barbecue Grill Home Balcony Friends Dinne,premium,Alamă masivă,7700,9850,96.0,Outdoor Simple Multifunctional Barbecue Grill Home Balcony Friends Dinne,mic-kuhnya-01.webp,sale,4.7,15,5 ani,Pe blat,https://www.made-in-china.com/product/PZqJvViwfLhU/China-Outdoor-Simple-Multifunctional-Barbecue-Grill-Home-Balcony-Friends-Dinner-Large-Barbecue-Stove-Stainless-Steel-Double-Burner-Stove.html
kuhnya,304 Stainless Steel Sink Brass Water Tap Single Lever Pull out Kitchen F,premium,Alamă masivă,1950,0,24.5,304 Stainless Steel Sink Brass Water Tap Single Lever Pull out Kitchen F,,hot,4.8,22,3 ani,Pe blat,https://www.made-in-china.com/product/zZyTFdGxrwUu/China-304-Stainless-Steel-Sink-Brass-Water-Tap-Single-Lever-Pull-out-Kitchen-Faucet.html
kuhnya,Modern Brass Kitchen Faucet with Pull out Sprayer,premium,Alamă masivă,4750,0,59.49,Modern Brass Kitchen Faucet with Pull out Sprayer,mic-kuhnya-03.webp,new,4.9,29,3 ani,Pe blat,https://www.made-in-china.com/product/DGxUtRnEFbVj/China-Modern-Brass-Kitchen-Faucet-with-Pull-out-Sprayer.html
kuhnya,Brass Spring Pull out Pull Down Sprayer Kitchen Sink Mixer Faucet,premium,Alamă masivă,2300,2950,28.8,Brass Spring Pull out Pull Down Sprayer Kitchen Sink Mixer Faucet,mic-kuhnya-04.webp,sale,4.6,36,3 ani,Pe blat,https://www.made-in-china.com/product/TdpfPahwYtry/China-Brass-Spring-Pull-out-Pull-Down-Sprayer-Kitchen-Sink-Mixer-Faucet.html
kuhnya,Chinese Solid Brass Pull out Spray Spring Kitchen Faucets,premium,Alamă masivă,1950,0,24.24,Chinese Solid Brass Pull out Spray Spring Kitchen Faucets,mic-kuhnya-05.webp,,4.7,43,3 ani,Pe blat,https://www.made-in-china.com/product/NSFJWhUbkBVu/China-Chinese-Solid-Brass-Pull-out-Spray-Spring-Kitchen-Faucets.html
kuhnya,"Luxury Pure Brass Pull out Faucet, Sleek Plain Design for Daily Family K",premium,Alamă masivă,1600,0,20.0,"Luxury Pure Brass Pull out Faucet, Sleek Plain Design for Daily Family K",mic-kuhnya-06.webp,,4.8,50,3 ani,Pe blat,https://www.made-in-china.com/product/lUOpqMLjZRWY/China-Luxury-Pure-Brass-Pull-out-Faucet-Sleek-Plain-Design-for-Daily-Family-Kitchen.html
kuhnya,Sanipro Customized Color 360 Degree Rotation Hot and Cold Mixer Sink Tap,premium,Alamă masivă,1100,1400,13.99,Sanipro Customized Color 360 Degree Rotation Hot and Cold Mixer Sink Tap,mic-kuhnya-07.webp,sale,4.9,57,3 ani,Pe blat,https://www.made-in-china.com/product/PnGUyxbvhKWq/China-Sanipro-Customized-Color-360-Degree-Rotation-Hot-and-Cold-Mixer-Sink-Taps-Flexible-Silicon-Hose-Pull-out-Brass-Kitchen-Faucet.html
kuhnya,Sanitary Ware Brass Single Hole Mixer Water Tap Cupc Pull out Kitchen Fa,premium,Alamă masivă,1200,0,15.0,Sanitary Ware Brass Single Hole Mixer Water Tap Cupc Pull out Kitchen Fa,mic-kuhnya-08.webp,new,4.6,14,3 ani,Pe blat,https://www.made-in-china.com/product/WaNYqVlTOthG/China-Sanitary-Ware-Brass-Single-Hole-Mixer-Water-Tap-Cupc-Pull-out-Kitchen-Faucet.html
kuhnya,Brass Matte Black Kitchen Sink Faucet Pull out/Pull Down Sprayer Kitchen,negru mat,Alamă masivă,3200,0,39.8,Brass Matte Black Kitchen Sink Faucet Pull out/Pull Down Sprayer Kitchen,mic-kuhnya-09.webp,,4.7,21,3 ani,Pe blat,https://www.made-in-china.com/product/GOlAgtWbHThy/China-Brass-Matte-Black-Kitchen-Sink-Faucet-Pull-out-Pull-Down-Sprayer-Kitchen-Faucet.html
kuhnya,High Quality Brass Single Handle Kitchen Sink Faucet with Multi Function,premium,Alamă masivă,1900,2450,24.0,High Quality Brass Single Handle Kitchen Sink Faucet with Multi Function,mic-kuhnya-10.webp,sale,4.8,28,3 ani,Pe blat,https://www.made-in-china.com/product/zEsRKBHOADhp/China-High-Quality-Brass-Single-Handle-Kitchen-Sink-Faucet-with-Multi-Functions-Pull-out-Kitchen-Tap.html
kuhnya,Elegant Brass Pull out Kitchen Faucet with Durable Ceramic Valve,premium,Alamă masivă,2300,0,29.0,Elegant Brass Pull out Kitchen Faucet with Durable Ceramic Valve,mic-kuhnya-11.webp,,4.9,35,3 ani,Pe blat,https://www.made-in-china.com/product/vtkRZKeoEcUp/China-Elegant-Brass-Pull-out-Kitchen-Faucet-with-Durable-Ceramic-Valve.html
kuhnya,Modern Industrial Pull out Kitchen Faucet with Brass Finish,premium,Alamă masivă,3200,0,40.1,Modern Industrial Pull out Kitchen Faucet with Brass Finish,mic-kuhnya-12.webp,,4.6,42,3 ani,Pe blat,https://www.made-in-china.com/product/pRyUeAIcsYhT/China-Modern-Industrial-Pull-out-Kitchen-Faucet-with-Brass-Finish.html
kuhnya,Water Filter Brass Faucet Pull out Spray Kitchen Faucet Mixer,premium,Alamă masivă,3500,4500,44.0,Water Filter Brass Faucet Pull out Spray Kitchen Faucet Mixer,mic-kuhnya-13.webp,sale,4.7,49,3 ani,Pe blat,https://www.made-in-china.com/product/HmMriSnAObpX/China-Water-Filter-Brass-Faucet-Pull-out-Spray-Kitchen-Faucet-Mixer.html
kuhnya,Pull out Kitchen Faucet Brass Mixer Tap Sink Kitchen Faucet Spray Brushe,premium,Alamă masivă,2700,0,33.75,Pull out Kitchen Faucet Brass Mixer Tap Sink Kitchen Faucet Spray Brushe,mic-kuhnya-14.webp,,4.8,56,3 ani,Pe blat,https://www.made-in-china.com/product/IdeaioquZAtj/China-Pull-out-Kitchen-Faucet-Brass-Mixer-Tap-Sink-Kitchen-Faucet-Spray-Brushed-Hot-Cold-Water-Faucet-Mixer-Kitchen.html
kuhnya,Kitchen Faucet Stainless Steel 304 Water Tap Modern Kitchen Taps Brass P,premium,Alamă masivă,1200,0,15.0,Kitchen Faucet Stainless Steel 304 Water Tap Modern Kitchen Taps Brass P,mic-kuhnya-15.webp,,4.9,13,3 ani,Pe blat,https://www.made-in-china.com/product/pGxrkKejJThg/China-Kitchen-Faucet-Stainless-Steel-304-Water-Tap-Modern-Kitchen-Taps-Brass-Pull-out-Sprayer-Kitchen-Mixer-Sink-Faucets.html
kuhnya,Modern Classic Kitchen Faucet Single Handle Pull out Sink Tap 59 1 Brass,premium,Alamă masivă,2000,2550,25.0,Modern Classic Kitchen Faucet Single Handle Pull out Sink Tap 59 1 Brass,mic-kuhnya-16.webp,sale,4.6,20,3 ani,Pe blat,https://www.made-in-china.com/product/JdhasQWKAvGN/China-Modern-Classic-Kitchen-Faucet-Single-Handle-Pull-out-Sink-Tap-59-1-Brass-Hot-Cold-Water-Single-Hole.html
kuhnya,Brass Handle Pull out 5ways Pure Water Tap Sanitary Ware Kitchen Faucet,premium,Alamă masivă,2000,0,25.0,Brass Handle Pull out 5ways Pure Water Tap Sanitary Ware Kitchen Faucet,mic-kuhnya-17.webp,,4.7,27,3 ani,Pe blat,https://www.made-in-china.com/product/UJfRIBGvVgWP/China-Brass-Handle-Pull-out-5ways-Pure-Water-Tap-Sanitary-Ware-Kitchen-Faucet-FT1471-.html
